repository,cbo_median,cbo_mean,dit_median,dit_mean,lcom_median,lcom_mean,loc_sum
--,2.0,3.541921483527323,2.0,2.910830538567765,0.0,440.4263168277767,338075
1brc,3.0,3.1666666666666665,1.0,1.09,1.0,7.58,53431
ActionBarSherlock,4.0,6.283372365339578,1.0,1.9508196721311475,0.0,63.39812646370024,26463
ActiveAndroid,3.0,5.435483870967742,1.0,1.7419354838709677,3.0,22.080645161290324,3158
Activiti,4.0,5.8018784854710885,1.0,1.5309656589374816,1.0,89.40710302318756,155575
advanced-java,0.0,0.0,1.0,1.0,0.0,0.0,5
Aegis,5.0,7.447136563876652,1.0,1.7092511013215859,1.0,22.865638766519822,24021
aeron,4.0,7.804878048780488,1.0,1.298780487804878,0.0,114.29649390243902,122349
AgentWeb,3.0,5.3984375,1.0,1.48828125,0.0,18.79296875,11320
agera,4.0,6.327586206896552,1.0,1.2413793103448276,0.0,14.844827586206897,10897
ahbottomnavigation,2.0,5.108695652173913,1.0,1.173913043478261,0.0,57.47826086956522,2339
Algorithms,2.0,2.611231101511879,1.0,1.0539956803455723,3.0,16.19654427645788,32495
algs4,4.0,4.003584229390681,1.0,1.021505376344086,0.0,47.46953405017921,22522
allure2,4.0,6.059479553903346,1.0,1.304832713754647,1.0,11.602230483271375,8061
alluxio,5.0,6.906630245840576,1.0,1.4834864663521232,1.0,30.658803079215296,252449
AmazeFileManager,4.0,7.3047404063205414,1.0,1.4492099322799097,0.0,28.839729119638825,31851
analysis-ik,4.0,4.815789473684211,1.0,1.368421052631579,2.5,14.973684210526315,2502
andOTP,3.0,6.108433734939759,1.0,1.5,0.0,41.41566265060241,8443
AndPermission,3.0,3.994047619047619,1.0,1.1666666666666667,0.0,7.488095238095238,4486
AndResGuard,2.0,3.5303030303030303,1.0,1.5,1.5,22.37878787878788,6506
android-advancedrecyclerview,4.0,6.60506329113924,2.0,2.4075949367088607,0.0,32.02278481012658,20692
android-async-http,4.0,5.662337662337662,1.0,1.7857142857142858,3.0,45.87662337662338,7620
android-autofittextview,4.0,5.375,1.0,1.375,1.5,40.75,470
Android-BluetoothKit,2.0,4.074688796680498,1.0,1.2406639004149378,0.0,18.70124481327801,8347
Android-Bootstrap,3.0,6.962025316455696,1.0,1.6708860759493671,2.0,31.39240506329114,10389
android-classyshark,2.0,3.169811320754717,1.0,1.278301886792453,1.0,10.25,8714
Android-CleanArchitecture,4.0,5.142857142857143,1.0,1.4285714285714286,1.0,6.723809523809524,2260
android-common,3.0,4.4363636363636365,1.0,1.2454545454545454,1.0,43.06363636363636,6707
Android-ConvenientBanner,3.0,4.827586206896552,1.0,1.4482758620689655,1.0,7.793103448275862,848
android-crop,1.0,4.290322580645161,1.0,1.3870967741935485,0.0,26.483870967741936,1676
Android-Debug-Database,4.0,4.147540983606557,1.0,1.278688524590164,0.0,8.80327868852459,2393
android-gif-drawable,4.0,6.15625,1.0,1.65625,0.0,59.734375,2920
android-gpuimage,2.0,2.9607843137254903,2.0,2.156862745098039,0.0,11.300653594771243,6341
android-iconify,3.0,3.511627906976744,1.0,1.2325581395348837,1.0,5.186046511627907,909
Android-Image-Cropper,4.0,7.725,1.0,1.375,0.0,70.375,4655
Android-IMSI-Catcher-Detector,3.0,5.059760956175299,1.0,1.3306772908366533,0.0,4.964143426294821,12171
android-interview-questions,0.0,0.0,1.0,1.0,0.0,0.0,5
android-job,4.0,6.994708994708994,1.0,1.7671957671957672,1.0,32.00529100529101,10693
android-lifecycle,7.5,7.0,2.0,1.6666666666666667,190.0,151.66666666666666,481
android-mvp-architecture,3.0,5.815068493150685,1.0,1.3835616438356164,0.0,14.10958904109589,4049
Android-ObservableScrollView,3.0,5.014925373134329,2.0,1.9671641791044776,0.0,7.570149253731343,12621
Android-PickerView,2.0,3.7252747252747254,1.0,1.1538461538461537,0.0,15.494505494505495,4421
Android-PullToRefresh,4.5,6.024390243902439,2.0,2.1097560975609757,1.0,55.84146341463415,3567
Android-skin-support,5.0,6.079012345679012,1.0,1.3925925925925926,1.0,17.671604938271606,19377
Android-SpinKit,5.0,4.816901408450704,2.0,3.1690140845070425,1.0,21.52112676056338,1812
android-times-square,4.0,4.553191489361702,1.0,1.2340425531914894,0.0,25.872340425531913,2286
android-tips-tricks,1.0,1.0,1.0,1.0,0.0,0.0,22
Android-Touch-Helper,3.0,4.127272727272727,1.0,1.1818181818181819,0.0,1.9454545454545455,2257
android-Ultra-Pull-To-Refresh,2.0,4.055900621118012,1.0,1.4161490683229814,0.0,19.142857142857142,5476
Android-Universal-Image-Loader,3.0,4.864285714285714,1.0,1.5857142857142856,0.5,28.84285714285714,7434
android-volley,3.0,5.090909090909091,1.0,1.893939393939394,0.0,15.818181818181818,4965
Android-ZBLibrary,3.0,5.377358490566038,1.0,1.559748427672956,0.0,26.666666666666668,14727
android-zxingLibrary,3.0,4.711538461538462,1.0,1.3269230769230769,0.0,5.634615384615385,2018
androidannotations,4.0,5.95742471443406,1.0,1.6832814122533748,1.0,26.09865005192108,28800
AndroidAsync,2.0,3.613259668508287,1.0,1.5322283609576428,0.0,19.44014732965009,18086
AndroidAutoLayout,5.0,5.833333333333333,2.0,2.0,8.0,8.807692307692308,2370
AndroidAutoSize,4.0,5.408163265306122,1.0,1.4081632653061225,1.0,31.285714285714285,1720
android,4.0,9.320158102766799,1.0,1.6877470355731226,1.0,114.0909090909091,46750
AndroidHttpCapture,3.0,4.712933753943218,1.0,1.416403785488959,0.0,37.003154574132495,15900
AndroidImageSlider,2.0,4.063492063492063,1.0,1.5714285714285714,1.0,59.095238095238095,3813
androidmvp,2.0,3.2857142857142856,1.0,1.2857142857142858,0.0,3.0,274
AndroidNote,1.0,4.875,1.0,1.375,3.0,8.125,402
AndroidPdfViewer,1.0,4.947368421052632,1.0,1.2456140350877194,0.0,76.78947368421052,3328
AndroidPerformanceMonitor,3.0,4.074074074074074,1.0,1.2777777777777777,0.0,14.074074074074074,2234
AndroidPicker,3.0,5.435146443514644,1.0,1.6443514644351465,0.0,51.71548117154812,13541
AndroidProject,4.0,7.215083798882682,1.0,2.142458100558659,1.0,19.18435754189944,20468
AndroidSlidingUpPanel,2.0,4.9411764705882355,1.0,1.3529411764705883,0.0,132.0,2011
AndroidStaggeredGrid,3.0,5.861111111111111,1.5,1.8611111111111112,0.5,155.88888888888889,4010
AndroidSwipeLayout,2.0,3.7162162162162162,1.0,1.3243243243243243,0.0,58.9054054054054,2770
AndroidTutorialForBeginners,4.0,4.511627906976744,1.0,1.496124031007752,0.0,2.744186046511628,3957
AndroidUtilCode,2.0,4.16865671641791,1.0,1.364179104477612,0.0,144.95373134328358,39995
AndroidVideoCache,3.0,4.8311688311688314,1.0,1.4935064935064934,1.0,14.324675324675324,3217
AndroidViewAnimations,2.0,3.3780487804878048,2.0,1.8048780487804879,0.0,2.292682926829268,965
AndroidWiFiADB,2.0,2.8666666666666667,1.0,1.5,0.0,12.133333333333333,1096
Android_Data,2.0,2.0,1.0,1.0,3.0,3.0,116
AndroRAT,2.0,2.8727272727272726,1.0,1.1636363636363636,0.0,1.3818181818181818,1793
AndServer,3.0,5.0233644859813085,1.0,1.5420560747663552,1.0,48.05140186915888,12029
angel,5.0,7.424815983175605,2.0,1.7392218717139853,0.0,63.41955835962145,205066
ansj_seg,4.0,6.31651376146789,1.0,1.188073394495413,0.0,9.577981651376147,12130
Ant-Media-Server,2.0,5.713804713804714,1.0,1.3257575757575757,1.0,183.58838383838383,107293
AntennaPod,5.0,7.424354243542435,1.0,1.4858548585485856,1.0,21.51537515375154,51594
antlr4,3.0,5.7734138972809665,1.0,1.8353474320241692,0.0,48.30211480362538,41027
api-samples,7.0,6.404761904761905,1.0,1.0,0.0,4.380952380952381,2541
APIJSON,3.0,5.885714285714286,1.0,1.2428571428571429,6.0,1165.5714285714287,13844
Apktool,5.0,5.906593406593407,2.0,1.9175824175824177,1.0,51.0,12392
apollo,6.0,7.26729986431479,1.0,1.2645861601085482,0.0,14.985074626865671,33499
AppManager,5.0,7.916558861578267,1.0,1.4851228978007762,1.0,74.31694695989651,125215
Arduino,2.0,4.131111111111111,1.0,1.768888888888889,0.0,32.72222222222222,25793
armeria,5.0,6.451869158878504,1.0,1.3222741433021807,0.0,33.455607476635514,295711
ARouter,2.0,3.693877551020408,1.0,1.4081632653061225,0.0,17.448979591836736,3165
arthas,3.0,4.734243697478991,1.0,1.35609243697479,1.0,36.48739495798319,47711
ASimpleCache,2.0,4.448275862068965,1.0,1.4482758620689655,0.0,38.51724137931034,1993
async-http-client,4.0,5.776429809358752,1.0,1.5667244367417679,1.0,41.60831889081456,29335
atlas,4.0,5.638559708295351,1.0,1.4357338195077485,1.0,29.88422971741112,157514
atmosphere,3.0,5.496626180836707,1.0,1.3076923076923077,1.0,55.02564102564103,36660
aurora-imui,2.5,4.807017543859649,1.0,1.5292397660818713,0.0,50.26900584795322,17789
aurora,6.0,7.287625418060201,1.0,1.117056856187291,0.0,7.25752508361204,4956
austin,5.0,6.2298850574712645,1.0,1.1235632183908046,0.0,1.4511494252873562,6538
auto,3.0,4.114135206321334,1.0,1.7058823529411764,1.0,25.593503072870938,31941
AutoJs6,3.0,5.149886877828054,1.0,1.4649321266968325,1.0,37.23359728506787,111419
automq,4.0,7.189130670130995,1.0,1.4009959943704666,0.0,45.36126447980946,668967
aviatorscript,3.0,4.635496183206107,1.0,1.498091603053435,1.0,60.982824427480914,37362
AVLoadingIndicatorView,2.0,3.5652173913043477,1.0,1.7826086956521738,0.0,6.75,2161
awaitility,1.0,3.176470588235294,1.0,1.1941176470588235,0.0,18.58235294117647,5473
awesome-java-leetcode,2.0,1.6805555555555556,1.0,1.0,1.0,1.1666666666666667,1772
awesome-leetcode-resources,1.0,1.1818181818181819,1.0,1.0,0.0,4.7272727272727275,360
awesome-low-level-design,2.0,2.628787878787879,1.0,1.1388888888888888,0.0,3.051767676767677,14591
awesome-system-design-resources,1.0,0.8181818181818182,1.0,1.0,0.0,0.0,336
aws-doc-sdk-examples,5.0,7.039450089659295,1.0,1.0400478182904962,1.0,6.187089061566049,81846
aws-sdk-java,6.0,6.996019496822065,1.0,1.2052869548856708,1.0,123.24976628507929,8601503
azkaban,4.0,6.472330475448168,1.0,1.3522992985190958,1.0,35.84021823850351,93837
BackgroundLibrary,4.0,4.7899159663865545,1.0,1.2100840336134453,0.0,34.1764705882353,8029
BadgeView,2.0,4.3428571428571425,1.0,1.3142857142857143,0.0,49.885714285714286,1759
banner,5.0,6.082191780821918,2.0,1.8356164383561644,1.0,47.68493150684932,2724
BannerViewPager,3.0,5.410958904109589,1.0,1.4109589041095891,0.0,47.821917808219176,3154
barcodescanner,2.0,5.287671232876712,1.0,1.643835616438356,0.0,11.821917808219178,2796
baritone,4.0,6.6976744186046515,1.0,1.386892177589852,1.0,21.77167019027484,22297
baseAdapter,3.0,4.88,1.0,1.32,0.0,18.28,1563
BasePopup,3.0,5.887323943661972,1.0,1.6954225352112675,1.0,34.29401408450704,28287
bazel,5.0,7.536781932339987,1.0,1.622622059788211,1.0,67.98744260144316,588138
beam,5.0,7.414423314398617,1.0,1.5333415658187206,0.0,19.61323783650284,726258
BGABanner-Android,3.0,5.0,2.0,1.5849056603773586,1.0,26.28301886792453,2123
BGARefreshLayout-Android,3.0,5.148148148148148,1.0,1.4074074074074074,1.0,9.796296296296296,5450
BigData-Notes,5.0,5.714285714285714,1.0,1.2207792207792207,0.0,0.8181818181818182,2124
BigImageViewer,3.0,4.607142857142857,1.0,1.2857142857142858,1.0,12.80952380952381,2513
bilibili-android-client,3.0,4.92128801431127,1.0,1.8175313059033988,3.0,42.7906976744186,38892
BilibiliDown,2.0,4.206106870229007,1.0,1.7213740458015268,1.0,42.01908396946565,19838
bisq,4.0,7.512347354138399,1.0,1.7668928086838536,0.0,30.239620081411125,177912
bistoury,3.0,4.837619397501837,1.0,1.2792064658339457,1.0,21.41587068332109,73638
bitcoin-wallet,4.0,7.532299741602067,1.0,1.7131782945736433,0.0,5.41343669250646,18379
bitcoinj,4.0,7.163723916532906,1.0,1.7303370786516854,0.0,89.23595505617978,46026
blade,3.0,4.62214983713355,1.0,1.234527687296417,0.0,42.156351791530945,15319
blog_demos,3.0,4.019241341396372,1.0,1.199010445299615,0.0,15.14238592633315,51987
blurkit-android,5.0,6.1,1.0,1.5,0.0,30.3,497
Blurry,3.5,5.142857142857143,1.0,1.0,0.0,0.6428571428571429,636
BlurView,3.5,5.9,1.0,1.5,1.0,7.0,930
Bolts-Android,2.0,3.0,1.0,1.0886075949367089,0.0,19.0126582278481,5144
booklore,5.0,7.883185840707965,1.0,1.038938053097345,0.0,8.684955752212389,19557
BookReader,2.0,4.798283261802575,1.0,1.4377682403433476,0.0,25.32331902718169,30914
BoomMenu,4.0,5.6347826086956525,1.0,1.5739130434782609,0.0,227.6695652173913,7710
BottomBar,2.0,4.909090909090909,1.0,1.2878787878787878,0.0,61.666666666666664,2834
BottomNavigation,5.5,7.533333333333333,1.0,1.4333333333333333,4.5,69.26666666666667,2091
bottomsheet,3.0,4.897058823529412,1.0,1.3676470588235294,0.0,27.66176470588235,2578
btrace,4.0,4.912760416666667,1.0,1.3033854166666667,0.0,92.54427083333333,40986
bundletool,7.0,9.699885452462771,1.0,1.268041237113402,6.0,82.60366552119129,54318
butterknife,2.0,3.9595588235294117,1.0,1.2352941176470589,0.0,10.481617647058824,7712
byte-buddy,4.0,6.147154471544716,1.0,1.6159349593495935,0.0,14.865528455284553,286228
bytecode-viewer,3.0,4.736714975845411,1.0,2.0531400966183573,0.0,13.68840579710145,21761
ByteLegend,7.0,6.979661016949152,1.0,1.0033898305084745,20.0,727.8440677966101,104032
caffeine,3.0,4.904191616766467,1.0,1.5875748502994012,0.0,163.1691616766467,85095
calcite,5.0,7.6589943342776206,1.0,1.7037889518413598,1.0,381.65120396600565,366879
CalendarView,4.0,6.568181818181818,1.0,2.159090909090909,3.0,53.18181818181818,11557
Calligraphy,5.0,5.72,1.0,1.44,3.0,11.36,968
camel,3.0,4.830212355212355,1.0,1.6343146718146717,1.0,79.76049710424711,1854629
CameraView,3.0,4.833333333333333,1.0,1.2638888888888888,0.0,12.125,2983
campus-imaotai,5.0,6.339449541284404,1.0,1.4128440366972477,1.0,20.376146788990827,7728
camunda-bpm-platform,4.0,6.279280966201666,1.0,1.6484411571950193,1.0,86.35624005242954,543235
camunda,5.0,7.225329280648429,1.0,1.3987166497804795,1.0,28.671800067544748,614547
canal,4.0,5.814108674928503,1.0,1.3803622497616779,1.0,77.35653002859867,112590
cardslib,4.0,5.901356350184956,1.0,2.177558569667078,0.0,18.620221948212084,32257
cas,8.0,9.2413217623498,1.0,1.4969959946595461,0.0,7.8117489986648865,228318
cassandra,5.0,6.828107680126682,1.0,1.7695961995249405,1.0,59.0624703087886,742599
cat,4.0,5.527484143763213,1.0,1.43446088794926,1.0,23.035940803382665,98001
CC,4.0,4.966666666666667,1.0,1.2583333333333333,0.0,16.316666666666666,4599
cglib,1.0,3.216867469879518,1.0,1.5321285140562249,0.0,261.7971887550201,17670
Chat2DB,4.0,6.086124401913875,1.0,1.2660287081339714,0.0,16.489952153110046,35180
ChatKit,3.0,5.768518518518518,2.0,2.8981481481481484,0.0,35.48148148148148,4680
chuck,4.0,5.833333333333333,1.0,1.380952380952381,0.5,55.73809523809524,1698
chunjun,4.0,7.139874739039666,1.0,1.5652400835073068,1.0,20.836116910229645,104308
cim,4.0,4.881188118811881,1.0,1.2821782178217822,0.0,5.737623762376238,5622
CircleImageView,5.0,11.0,2.0,2.3333333333333335,0.0,178.66666666666666,360
CircleIndicator,5.0,6.511111111111111,2.0,1.6222222222222222,1.0,8.511111111111111,1712
CircleProgress,6.0,5.76,2.0,1.68,1.0,85.76,1451
circular-progress-button,2.0,3.9743589743589745,1.0,1.2820512820512822,0.0,25.333333333333332,1429
clojure,0.0,3.6030534351145036,1.0,1.495092693565976,0.0,130.39149400218102,46876
closure-compiler,5.0,6.8538948937756246,1.0,1.509877003354454,1.0,1272.3276183376818,308032
CloudReader,3.0,4.75,1.0,1.4552845528455285,0.0,19.41260162601626,19393
COLA,3.0,4.3291592128801435,1.0,1.3273703041144902,0.0,4.974955277280858,9619
CompreFace,6.0,7.852852852852853,1.0,1.6576576576576576,0.0,3.894894894894895,7766
conductor,3.0,5.476744186046512,1.0,1.3488372093023255,0.0,71.33720930232558,5385
config,3.0,5.475,1.0,2.055,0.0,76.18,13186
CoordinatorTabLayout,3.0,5.294117647058823,1.0,1.411764705882353,0.0,9.411764705882353,473
CoreNLP,4.0,5.922648083623693,1.0,1.6499419279907084,0.0,148.57862950058072,557599
coursera-android,4.0,4.248355263157895,1.0,1.5,0.0,3.3585526315789473,18164
crate,5.0,7.571673933148368,1.0,1.641035803937112,1.0,48.46360153256705,438445
crawler4j,4.0,5.27710843373494,1.0,1.3132530120481927,1.0,55.89156626506024,4736
Create,9.0,10.77972166998012,2.0,1.8190854870775348,3.0,27.875944333996024,149921
cryptomator,6.0,8.316027088036117,1.0,1.4288939051918736,1.0,18.51241534988713,17289
CtCI-6th-Edition,2.0,2.12807881773399,1.0,1.0689655172413792,1.0,4.482758620689655,21093
ctci,2.0,1.9581993569131833,1.0,1.1189710610932475,1.0,5.096463022508039,11244
CustomActivityOnCrash,4.0,5.4,1.0,1.3333333333333333,0.0,32.333333333333336,893
cw-omnibus,4.0,5.268004115226337,2.0,1.6851851851851851,0.0,20.0761316872428,71119
cyberduck,4.0,6.462982689747004,1.0,1.3532623169107856,0.0,65.48255659121172,297593
dagger,3.0,3.1748768472906406,1.0,1.229064039408867,0.0,5.987684729064039,8043
DanmakuFlameMaster,3.0,5.162790697674419,1.0,1.6104651162790697,1.0,47.50581395348837,12879
dataease,3.0,4.96875,1.0,1.2053571428571428,0.0,27.738392857142856,43245
datahub,9.0,11.414055369637968,1.0,1.2129601460298145,1.0,17.226041983571648,186616
DataMiningAlgorithm,2.0,2.2936507936507935,1.0,1.0873015873015872,0.0,9.96031746031746,11663
datax-web,3.0,5.041009463722397,1.0,1.38801261829653,0.0,13.239747634069401,13801
DataX,3.0,4.502454991816694,1.0,1.7152209492635024,0.0,22.648936170212767,81194
db-tutorial,4.0,5.205741626794258,1.0,1.1818181818181819,0.0,32.60765550239235,11203
dddsample-core,5.0,7.089171974522293,1.0,1.127388535031847,0.0,7.031847133757962,4639
debezium,4.0,6.819555555555556,1.0,1.5842962962962963,1.0,55.30785185185185,209200
deeplearning4j,7.0,8.43676133356853,2.0,2.1898041982713,7.0,54799.52337272888,558237
DeepLinkDispatch,5.0,6.28,1.0,1.48,0.0,88.64,8549
DependencyCheck,5.0,7.058943089430894,2.0,1.8678861788617886,3.0,60.08943089430894,41235
Depth-LIB-Android-,2.0,3.787037037037037,1.0,1.212962962962963,0.0,13.351851851851851,3771
DesignPattern,2.0,2.5380710659898478,1.0,1.2791878172588833,0.0,1.4263959390862944,2603
dex2jar,3.0,5.42907180385289,1.0,1.5709281961471104,0.0,21.13309982486865,41715
dexposed,2.0,2.9166666666666665,1.0,1.6944444444444444,0.0,82.83333333333333,2414
Dexter,3.0,4.425,1.0,1.2,0.0,4.15,2197
dialogplus,3.0,5.241379310344827,1.0,1.0344827586206897,0.0,57.86206896551724,1047
Digital,4.0,5.047881122729774,1.0,1.6835443037974684,0.0,13.246009906439186,76080
disconf,3.0,4.437647058823529,1.0,1.3576470588235294,0.0,12.616470588235295,14009
Discovery,4.0,4.778985507246377,1.0,1.2693236714975846,1.0,18.80072463768116,26230
DiscreteScrollView,2.0,4.228571428571429,1.0,1.2476190476190476,0.0,19.114285714285714,3698
DiskLruCache,2.5,3.25,1.0,1.3333333333333333,3.0,11.0,1937
disruptor,3.0,4.480487804878049,1.0,1.2902439024390244,0.0,25.882926829268293,13167
djl,5.0,6.518318318318318,1.0,1.4654654654654655,3.0,132.77777777777777,96272
DKVideoPlayer,2.0,5.326259946949602,1.0,1.5915119363395225,0.0,46.753315649867375,18446
DoKit,2.0,4.506054811982154,1.0,1.3205863607393244,0.0,71.76673040152964,80480
dolby_beta,4.0,4.145945945945946,1.0,1.454054054054054,1.0,7.951351351351351,7302
dolphinscheduler,5.0,6.532176428054953,1.0,1.378524945770065,0.0,11.4765003615329,97324
Douya,4.0,5.603697749196141,1.0,1.6254019292604502,1.0,28.39790996784566,44643
DroidPlugin,2.0,3.301526717557252,3.0,4.388040712468193,0.0,3.699745547073791,22301
dropwizard,4.0,5.954941860465116,1.0,1.5130813953488371,0.0,19.177325581395348,39901
druid,5.0,7.858084920261086,1.0,1.377498149518875,1.0,62.19312293923693,762531
DSA-Bootcamp-Java,1.0,1.2687747035573123,1.0,1.08300395256917,1.0,3.5019762845849804,6614
DSBridge-Android,2.0,2.978723404255319,1.0,1.1063829787234043,0.0,15.97872340425532,1841
dubbo-spring-boot-project,6.0,7.112359550561798,1.0,1.1685393258426966,0.0,11.932584269662922,1908
dubbo,4.0,5.418808649530804,1.0,1.2880456956344348,1.0,46.10709914320685,250867
dynamic-datasource,4.0,5.112359550561798,1.0,1.1404494382022472,0.0,2.359550561797753,5290
dynamic-load-apk,3.0,5.806451612903226,1.0,1.4516129032258065,0.0,9.419354838709678,2620
dynamic-tp,4.0,4.842756183745583,1.0,1.2897526501766785,0.0,17.742049469964666,18457
easy-rules,4.0,5.092592592592593,1.0,1.3148148148148149,1.0,7.62962962962963,4857
easyexcel,5.0,6.632142857142857,1.0,1.375,1.0,32.025,20545
easypermissions,8.0,8.93939393939394,1.0,1.4848484848484849,6.0,12.212121212121213,1705
EdXposed,4.0,6.065217391304348,1.0,1.6032608695652173,1.0,191.0782608695652,71794
effective-java-3e-source-code,1.0,1.1287128712871286,1.0,1.188118811881188,0.0,1.3267326732673268,3018
EffectiveAndroidUI,3.0,4.438356164383562,1.0,1.3424657534246576,1.0,11.616438356164384,1923
EhViewer,4.0,7.144758735440932,1.0,1.821963394342762,1.0,45.26289517470882,44372
Ehviewer_CN_SXJ,4.0,6.880219780219781,1.0,1.7164835164835164,1.0,68.47912087912088,74626
eladmin,5.0,8.01418439716312,1.0,1.1631205673758864,0.0,6.202127659574468,8063
elasticsearch-sql,6.0,9.601449275362318,1.0,2.0833333333333335,1.0,190.19927536231884,32893
enso,5.0,6.392133492252682,1.0,1.6936829558998807,1.0,36.02502979737783,115655
epic,3.0,3.228187919463087,1.0,1.6241610738255035,1.0,30.395973154362416,5127
epoxy,5.0,7.19672131147541,2.0,1.8131147540983608,1.0,138.77377049180328,43286
error-prone,5.0,7.851816443594647,1.0,1.534416826003824,0.0,25.501912045889103,107952
esProc,5.0,6.6815094339622645,2.0,2.170566037735849,1.0,97.73169811320754,426797
eureka,4.0,5.884097035040432,1.0,1.2708894878706198,0.0,18.57277628032345,32879
EventBus,3.0,3.4262295081967213,1.0,1.8360655737704918,0.0,9.05464480874317,5269
ExoPlayer,5.0,7.587930508991161,1.0,1.295032002438281,0.0,52.220054861322765,262348
ExpandableTextView,4.0,5.133333333333334,1.0,1.7333333333333334,0.0,11.8,552
failsafe,6.0,6.38655462184874,1.0,2.063025210084034,1.0,19.176470588235293,10026
FairEmail,2.0,4.72703721149317,1.0,1.270843146490815,0.0,33.46184644371173,243296
Fast-Android-Networking,2.0,3.219130434782609,1.0,1.2504347826086957,1.0,13.768695652173912,19596
FastBle,2.0,4.380952380952381,1.0,1.2952380952380953,0.0,26.066666666666666,4713
fastexcel,5.0,6.453808752025932,1.0,1.353322528363047,1.0,29.92868719611021,21857
FastHub,5.0,8.07387580299786,1.0,1.4379014989293362,1.0,34.75695931477516,40321
fastjson2,2.0,2.643889064641991,1.0,1.1854898238953917,0.0,284.1544869766951,411923
fastjson,1.0,1.8523786944839575,1.0,1.5043464517148728,0.0,126.12122648964754,206496
feign,3.0,5.135525260625501,1.0,1.6824378508420208,0.0,13.266238973536488,37446
fernflower,1.0,4.422636103151863,1.0,1.2277936962750717,0.0,37.56590257879656,55187
FileDownloader,2.0,4.5278810408921935,1.0,1.687732342007435,1.0,42.014869888475836,14387
FirebaseUI-Android,7.0,9.788732394366198,1.0,1.9577464788732395,1.0,12.338028169014084,13274
FizzBuzzEnterpriseEdition,2.0,2.901098901098901,1.0,1.0,0.0,0.23076923076923078,894
FlatLaf,2.0,3.809692671394799,2.0,3.6773049645390072,3.0,64.72222222222223,73406
flink-cdc,5.0,8.288144603934077,1.0,1.4614566719829878,1.0,30.014354066985646,114599
flink-learning,3.0,4.280405405405405,1.0,1.1300675675675675,0.0,3.300675675675676,14454
flink-recommandSystem-demo,3.0,3.727272727272727,1.0,1.077922077922078,1.0,6.402597402597403,1835
FloatingActionButton,3.0,5.666666666666667,2.0,1.8148148148148149,1.0,37.592592592592595,1014
FloatWindow,2.0,3.772727272727273,1.0,1.2727272727272727,1.0,9.727272727272727,1473
flowable-engine,4.0,6.611049107142857,1.0,1.6669642857142857,1.0,152.08258928571428,520796
FlowLayout,3.0,4.323529411764706,1.0,1.411764705882353,0.0,5.0,810
flutter-webrtc,3.0,6.595505617977528,1.0,1.2247191011235956,0.0,37.07865168539326,8105
FlycoTabLayout,3.0,6.454545454545454,1.0,1.5454545454545454,1.0,223.0909090909091,2730
flyway,4.0,5.928969359331476,1.0,1.5125348189415042,1.0,52.28412256267409,30756
folding-cell-android,2.0,4.142857142857143,1.0,1.3333333333333333,0.0,13.380952380952381,812
ForestBlog,3.0,5.104651162790698,1.0,1.069767441860465,0.0,12.686046511627907,2437
Fragmentation,3.0,5.232394366197183,1.0,1.7077464788732395,0.0,15.116197183098592,8981
freeline,3.0,3.8,1.0,1.6074074074074074,1.0,13.866666666666667,5357
fresco,5.0,6.642654028436019,1.0,1.4180094786729858,0.0,28.76208530805687,50418
from-java-to-kotlin,0.5,0.5,1.0,1.0,0.0,0.0,37
frontend-maven-plugin,3.0,5.595959595959596,1.0,1.7272727272727273,1.0,7.05050505050505,3717
Gadgetbridge,3.0,5.379522184300341,2.0,1.8339021615472126,0.0,38.69419795221843,242946
GCViewer,4.0,5.274914089347079,1.0,2.1649484536082473,1.0,49.044673539518904,20453
GDA-android-reversing-Tool,2.5,2.5625,1.0,1.0,0.0,57.375,567
generator,5.0,7.809006211180124,2.0,1.9596273291925466,3.0,88.08540372670808,68036
geoserver,5.0,7.2361247143323535,1.0,1.8206823375775383,1.0,43.99102187397976,763762
gephi,3.0,4.480117203850984,1.0,1.6726663876098786,0.0,24.683968187526162,125587
Geyser,6.0,8.219552609776304,1.0,1.9328914664457333,1.0,34.47390223695112,59382
GhidraMCP,4.0,16.333333333333332,2.0,1.6666666666666667,3.0,459.0,1219
GitHub-Chinese-Top-Charts,0.0,0.0,1.0,1.0,0.0,0.0,5
glide-transformations,5.0,5.555555555555555,2.0,2.1481481481481484,0.0,2.7777777777777777,991
glide,4.0,5.999339933993399,1.0,1.2382838283828383,0.0,19.983498349834985,60889
GmsCore,5.0,5.73049252905368,2.0,1.710016602102933,0.0,14.225235196458218,54595
gnirehtet,2.0,3.765432098765432,1.0,1.1851851851851851,1.0,14.296296296296296,4330
go-lang-idea-plugin,6.0,8.120141342756185,2.0,2.073321554770318,3.0,110.02915194346289,45363
gocd,4.0,7.452029520295203,1.0,1.2501845018450184,0.0,37.63874538745387,268770
GoGoGo,4.0,7.708333333333333,1.0,1.4583333333333333,1.0,12.875,3813
google-authenticator,2.0,3.8852459016393444,1.0,1.6885245901639345,1.0,29.65573770491803,3935
google-java-format,4.0,5.7272727272727275,1.0,1.4242424242424243,1.0,66.8,12753
gpmall,3.0,4.97877358490566,1.0,1.3608490566037736,0.0,8.169811320754716,8865
gradle-retrolambda,3.0,4.6,1.0,1.04,0.0,2.16,623
grafika,5.0,6.407766990291262,2.0,1.7475728155339805,0.0,6.893203883495145,10035
graphhopper,4.0,6.754966887417218,1.0,1.2597498160412068,1.0,32.996320824135395,98839
GravitySnapHelper,4.5,6.375,1.5,1.75,1.0,57.875,610
graylog2-server,6.0,8.09830218290769,1.0,1.3358539021258382,1.0,18.798259380796118,238573
greenDAO,4.0,5.019230769230769,1.0,2.1016483516483517,1.0,47.4532967032967,18545
greys-anatomy,3.0,4.066666666666666,1.0,1.1541666666666666,0.0,6.770833333333333,10774
grobid,3.0,5.287744227353463,1.0,1.2522202486678509,0.0,133.95204262877442,63537
groupie,3.0,5.096774193548387,1.0,1.8279569892473118,0.0,29.903225806451612,3898
grpc-java,3.0,5.6009843237331385,1.0,1.3959168793292016,0.0,13.458986511119212,257377
grpc-spring,6.0,6.605263157894737,1.0,1.4784688995215312,0.0,5.368421052631579,10752
gson,2.0,3.024163568773234,1.0,1.2815985130111525,0.0,20.598513011152416,34449
GSYVideoPlayer,2.0,5.485849056603773,1.0,1.5754716981132075,0.0,55.355345911949684,31928
GT,2.0,3.902857142857143,1.0,1.2952380952380953,0.0,13.67047619047619,55663
guava,2.0,4.039657853810264,1.0,1.8009331259720063,0.0,48.01430793157076,254108
guice,2.5,3.8033505154639173,1.0,1.3041237113402062,0.0,8.454381443298969,84679
guide-rpc-framework,4.0,4.621052631578947,1.0,1.2105263157894737,0.0,1.1894736842105262,2306
GuideView,2.0,3.742857142857143,1.0,1.3714285714285714,1.0,8.228571428571428,1246
h2database,4.0,6.016726403823178,2.0,2.0579450418160095,3.0,176.3500597371565,231123
HaE,1.0,4.149253731343284,1.0,1.6567164179104477,0.0,11.91044776119403,3968
halo,5.0,7.527969830295412,1.0,1.2608422375864237,0.0,6.813953488372093,52258
haven,4.0,6.822784810126582,1.0,1.3924050632911393,1.0,11.772151898734178,4561
hawk,2.0,3.6153846153846154,1.0,1.0384615384615385,1.0,12.961538461538462,834
hazelcast,5.0,7.926133317448025,1.0,1.7562995174837672,1.0,44.81801393935783,1102962
hbase,5.0,8.166681135515235,1.0,1.496744509071968,1.0,69.22172063547183,945437
HeliBoard,4.0,6.666666666666667,1.0,1.4683544303797469,2.0,71.05907172995781,23193
helidon,4.0,5.609758592471358,1.0,1.4370908346972178,1.0,27.551452536824875,404991
hello-algo,2.0,1.8744186046511628,1.0,1.0,1.0,4.706976744186046,7707
hello-algorithm,1.0,1.0,1.0,1.0,0.0,0.0,61
hellocharts-android,3.0,6.30718954248366,1.0,1.522875816993464,1.0,40.294117647058826,10995
hertzbeat,5.0,6.974233983286908,1.0,1.2688022284122562,0.0,10.110027855153204,59643
hibernate-orm,5.0,6.800919739014229,1.0,1.3882949453659303,1.0,76.14169483531168,1066826
HikariCP,3.0,4.383783783783784,1.0,1.2864864864864864,0.0,172.67027027027027,11464
hippo4j,3.0,4.646310432569974,1.0,1.2027141645462256,0.0,5.813401187446989,29660
hive,4.0,6.899656019656019,1.0,1.4133660933660934,1.0,94.15547911547911,2005365
HMCL,4.0,6.775636083269083,1.0,1.6954510408635313,1.0,35.23901310717039,77731
hmily,4.0,5.3717217787913345,1.0,1.2200684150513113,0.0,10.645381984036488,27504
HomeMirror,2.0,2.727272727272727,1.0,1.0757575757575757,0.0,5.348484848484849,1719
hsweb-framework,4.0,6.1605667060212514,1.0,1.344746162927981,0.0,11.190082644628099,24593
HTextView,2.0,4.197802197802198,1.0,1.5604395604395604,0.0,3.4835164835164836,3076
hudi,6.0,9.187017001545595,1.0,1.584676529035107,1.0,60.21351291675867,301417
hugo,7.0,5.714285714285714,1.0,1.1428571428571428,6.0,27.714285714285715,384
hutool,3.0,3.5259789156626504,1.0,1.2827560240963856,0.0,102.20368975903614,131789
Hystrix,2.0,3.340648379052369,1.0,1.570074812967581,0.0,20.253865336658354,62010
iceberg,6.0,8.591409691629956,1.0,1.6779735682819383,2.0,36.15286343612335,313050
IDDD_Samples,3.0,4.7373271889400925,1.0,1.663594470046083,5.0,27.327188940092167,28475
ignite,3.0,5.627029336371404,1.0,1.6548466723630495,0.0,494.3787145162822,1131053
IJPay,5.0,5.589743589743589,1.0,1.36996336996337,0.0,139.4029304029304,14136
im-server,3.0,6.406712734452122,1.0,1.541954590325765,1.0,111.72063178677196,158401
ImagePicker,3.0,5.828947368421052,1.0,1.486842105263158,0.0,23.07894736842105,3685
ImmersionBar,5.0,6.352112676056338,2.0,2.1056338028169015,3.0,159.25352112676057,7237
incubator-seata,4.0,6.561129385964913,1.0,1.8171600877192982,2.0,520.9747807017544,233985
InfiniteCycleViewPager,3.0,5.048780487804878,2.0,1.6341463414634145,0.0,102.53658536585365,3564
Infinity-For-Reddit,4.0,6.934426229508197,1.0,1.5523329129886507,1.0,30.86191677175284,95056
InstaMaterial,2.0,4.7875,1.0,1.5375,0.0,9.9375,2223
InternetArchitect,3.0,4.6845151953690305,1.0,1.1577424023154848,0.0,63.769898697539794,44604
interview,2.0,2.0134932533733134,1.0,1.0374812593703149,1.0,3.4092953523238383,27259
interviews,1.0,1.1945525291828794,1.0,1.0038910505836576,0.0,0.2918287937743191,5621
ion,3.0,4.577854671280277,1.0,1.4602076124567474,0.0,23.598615916955016,9443
IoT-Technical-Guide,3.0,4.085034013605442,1.0,1.248299319727891,0.0,3.163265306122449,5235
iotdb,6.0,8.22838650023116,1.0,1.6065649560795192,1.0,104.87991215903837,753566
ipscan,3.0,4.986945169712794,1.0,1.6657963446475197,0.0,4.151436031331593,12598
itstack-demo-design,2.0,2.167441860465116,1.0,1.1069767441860465,0.0,5.325581395348837,3992
jacoco,3.0,4.260915867944622,1.0,1.4313099041533546,0.0,12.642172523961662,36798
jadx,3.0,4.457162677766216,1.0,1.6670135275754423,0.0,32.03746097814776,128227
janusgraph,4.0,7.016350210970464,1.0,1.4425105485232068,1.0,43.89978902953587,104266
java-algorithms-implementation,3.0,3.710706150341686,1.0,1.5831435079726652,0.0,7.050113895216401,31758
java-design-patterns,3.0,3.3632523759239703,1.0,1.197465681098205,0.0,1.8405491024287224,35484
java-developer-roadmap,0.0,0.0,1.0,1.0,0.0,0.0,5
java-faker,4.0,4.115555555555556,1.0,1.448888888888889,0.0,40.74666666666667,6710
java-jwt,3.5,5.662790697674419,1.0,1.627906976744186,1.0,142.74418604651163,8924
java-learning,1.0,1.0849933598937582,1.0,1.2868525896414342,0.0,0.5962815405046481,10984
java-tron,7.0,8.860774818401937,1.0,1.7590799031476998,1.0,80.76029055690073,150655
Java-WebSocket,2.0,3.5555555555555554,1.0,1.8199233716475096,6.0,36.62068965517241,12805
java8-tutorial,1.0,1.0340909090909092,1.0,1.0,0.0,3.909090909090909,2081
Java,0.0,0.7722132471728594,1.0,1.1777059773828755,0.0,1.0791599353796446,10840
javacpp,5.0,5.911627906976745,2.0,2.0093023255813955,1.0,151.13953488372093,27026
javacv,4.0,6.125560538116592,1.0,2.1300448430493275,1.0,133.99103139013454,26962
javaparser,5.0,8.823915237134209,1.0,1.875882946518668,0.0,295.2891019172553,136829
javapoet,2.0,4.515151515151516,1.0,1.1515151515151516,0.0,129.2929292929293,7543
javassist,1.0,3.388288288288288,1.0,1.553153153153153,0.0,43.90810810810811,83226
JavaTutorial,0.0,0.3333333333333333,1.0,1.0,0.0,0.3333333333333333,14
JAViewer,4.0,5.787709497206704,1.0,1.5977653631284916,0.0,11.64804469273743,6309
JCSprout,1.0,1.962962962962963,1.0,1.0925925925925926,0.0,1.7654320987654322,4399
JCTools,3.0,4.601522842639594,2.5,3.9086294416243654,0.0,19.965736040609137,37082
jd-gui,3.0,4.538083538083538,1.0,2.4176904176904177,1.0,11.115479115479115,19309
JDA,6.0,8.846612062546537,1.0,1.8227848101265822,3.0,127.22859270290395,62383
jedis,3.0,5.454918032786885,1.0,1.4204918032786886,1.0,530.8065573770492,109627
JeecgBoot,4.0,7.167874396135265,1.0,1.182367149758454,0.0,49.893719806763286,46549
jeepay,7.0,8.852727272727273,2.0,1.7836363636363637,0.0,4.290909090909091,17168
jenkins,4.0,6.239093346331952,2.0,1.8971484279795272,0.0,46.245917621252744,186289
jetcache,4.0,6.033632286995516,1.0,1.6367713004484306,0.0,15.908071748878923,18021
jetlinks-community,6.0,8.775244299674267,1.0,1.277958740499457,1.0,11.677524429967427,60350
Jetpack-MVVM-Best-Practice,3.0,4.840336134453781,1.0,1.6218487394957983,0.0,12.0,3691
jetty.project,3.0,5.572459893048128,1.0,1.633957219251337,0.0,25.34826203208556,719579
JFoenix,4.0,6.92,1.0,1.6235294117647059,1.0,22.084705882352942,24546
JGrowing,1.0,1.5263157894736843,1.0,1.0,1.0,1.9473684210526316,329
JiaoZiVideoPlayer,6.0,7.27536231884058,2.0,2.1159420289855073,4.0,56.63768115942029,4511
jib,5.0,7.0625,1.0,1.2215909090909092,0.0,17.071022727272727,35271
jimureport,6.5,6.75,1.0,1.0833333333333333,0.0,2.3333333333333335,300
jitsi,3.0,5.438607398197078,1.0,1.9011501398818775,0.0,39.3705315511346,196435
jjwt,4.0,5.623423423423423,1.0,1.9945945945945946,1.0,25.834234234234234,16052
JKeyboardPanelSwitch,3.0,5.2,1.0,1.3,0.0,7.38,1736
jmeter,4.0,5.494473531122746,2.0,1.9988365328679465,3.0,62.117510180337405,127364
jmonkeyengine,4.0,6.692235441452723,1.0,1.6202254226675015,0.0,53.88603631809643,202967
jna,3.0,4.874418604651162,2.0,2.53276955602537,0.0,44.93784355179704,106804
joda-time,6.0,8.578096947935368,2.0,2.2836624775583485,10.0,295.29443447037704,91613
jodd,3.0,3.9945054945054945,1.0,1.440934065934066,0.0,12.949175824175825,26882
jOOQ,7.0,9.789824348879467,1.0,1.836159903089037,3.0,1676.075105996366,221832
joyagent-jdgenie,4.0,4.792592592592593,1.0,1.1037037037037036,0.0,4.296296296296297,5079
jpexs-decompiler,3.0,5.872041420118343,1.0,1.9233234714003944,1.0,57.625739644970416,345818
JS-Sorting-Algorithm,3.0,3.5833333333333335,1.0,1.0,0.5,2.8333333333333335,389
JsBridge,1.5,3.5,1.0,1.15625,0.0,17.09375,1160
jshERP,3.0,5.825,1.0,1.3277777777777777,13.0,1673.7111111111112,71027
JSON-java,2.0,3.1868131868131866,1.0,1.2197802197802199,3.0,352.0769230769231,12221
JsonPath,3.0,4.557065217391305,1.0,1.486413043478261,0.0,29.29076086956522,16468
jsonschema2pojo,5.0,6.7011070110701105,1.0,1.1402214022140222,0.0,77.68634686346863,14294
jsoup,4.0,6.303921568627451,1.0,1.8063725490196079,1.0,238.74264705882354,37983
JSqlParser,4.0,6.363748458692972,1.0,1.5474722564734895,1.0,515.731196054254,46089
jstorm,4.0,5.544994944388271,1.0,1.551314459049545,1.0,42.374115267947424,296316
junit-framework,3.0,4.708003518029903,1.0,1.3046027557900908,0.0,36.415127528583994,98061
junit4,3.0,3.8681169272603673,1.0,1.4643099932019035,0.0,12.961250849762067,32946
JustAuth,2.0,5.51010101010101,1.0,1.3434343434343434,6.0,12.984848484848484,6054
JustTrustMe,1.0,2.5555555555555554,1.0,1.1851851851851851,0.0,2.7037037037037037,598
jvm-sandbox,2.0,3.4827586206896552,1.0,1.3264367816091953,0.0,12.360919540229885,14407
jvm,0.0,0.0,1.0,1.0,0.0,0.0,5
kafdrop,3.0,5.52,1.0,1.32,0.0,28.21,4215
kafka-ui,5.0,7.243664717348928,1.0,1.510721247563353,1.0,17.13450292397661,18139
kafka,4.0,7.804771465690327,1.0,1.436045824967521,0.0,63.043699066965864,674230
karate,5.0,6.63013698630137,1.0,1.2054794520547945,1.0,115.27568493150685,40088
kestra,6.0,8.207832898172324,1.0,1.4579634464751958,0.0,14.831853785900783,65964
keycloak,4.0,6.849639786195677,1.0,1.5462468045549616,3.0,73.52602835231234,509101
killbill,6.0,8.661481784690954,1.0,1.794924273434302,1.0,28.247237003683995,150948
kkFileView,5.0,6.939024390243903,1.0,1.048780487804878,1.0,167.28048780487805,9418
KnowStreaming,4.0,7.19593147751606,1.0,1.8190578158458244,0.0,10.322269807280515,31517
kylin,5.0,7.797061909758657,1.0,1.499055613850997,1.0,137.6096537250787,317802
lamp-cloud,7.0,7.732926829268293,1.0,1.278048780487805,0.0,7.151219512195122,18730
langchain4j,4.0,6.092105263157895,1.0,1.1887034659820281,1.0,17.018613607188705,126633
languagetool,4.0,5.384408602150538,1.0,1.5913978494623655,1.0,55.20161290322581,212867
lanproxy,3.0,4.238095238095238,1.0,1.1904761904761905,0.0,8.206349206349206,2668
Launcher3,3.0,7.240404040404041,1.0,1.4747474747474747,0.0,63.68080808080808,60130
lawnchair,5.0,10.318769230769231,1.0,1.5846153846153845,1.0,97.1003076923077,248520
LayoutManagerGroup,3.0,4.9523809523809526,2.0,1.5714285714285714,0.0,9.142857142857142,2285
Leaf,1.5,3.475,1.0,1.425,0.0,11.25,1305
learning-note,2.0,2.1945288753799392,1.0,1.1732522796352585,0.0,2.893617021276596,13368
learning-spark,2.0,2.827067669172932,1.0,1.0150375939849625,0.0,1.7969924812030076,2295
leet-code,2.0,2.0246913580246915,1.0,1.0,0.0,1.0864197530864197,2109
LeetCode-Book,1.0,1.3333333333333333,1.0,1.0,0.0,0.08527131782945736,3121
leetcode-editor,4.0,6.32890365448505,1.0,1.7375415282392026,0.0,20.13621262458472,13421
LeetCodeAnimation,1.0,1.0,1.0,1.0,0.0,0.0,78
leetcode,1.0,1.5528107372106594,1.0,1.0003890293717175,0.0,0.28788173507099785,140344
lettuce,4.0,6.308910891089109,1.0,1.3925742574257425,0.0,166.4569306930693,109320
libgdx,3.0,5.116267708842208,1.0,1.7979970688812896,0.0,3442.935515388373,291899
library,5.0,6.788617886178862,1.0,1.0406504065040652,0.0,5.430894308943089,1770
libsvm,1.5,3.264705882352941,1.0,1.3529411764705883,0.0,19.61764705882353,3152
light-4j,3.0,4.57246963562753,1.0,1.1708502024291498,0.0,23.34493927125506,68710
lilishop,5.0,7.614690721649485,1.0,1.3170103092783505,0.0,13.322164948453608,42828
Linkage-RecyclerView,5.0,6.4,1.0,1.5466666666666666,1.0,10.386666666666667,2552
linuxdeploy,5.0,7.162162162162162,2.0,1.6486486486486487,3.0,35.891891891891895,2693
liquibase,4.0,6.8318025258323765,2.0,1.7956371986222732,3.0,65.43685419058554,98867
ListViewAnimations,5.0,6.474452554744525,2.0,2.0583941605839415,0.0,10.459854014598541,5697
litemall,3.0,4.6175040518638575,1.0,1.1264181523500811,1.0,1532.8849270664505,90884
LitePal,3.0,5.009950248756219,1.0,1.6517412935323383,0.0,49.44776119402985,11830
LiveEventBus,2.0,3.227272727272727,1.0,1.1103896103896105,0.0,4.035714285714286,7782
LoadingDrawable,4.0,6.507692307692308,1.0,1.4461538461538461,1.0,15.830769230769231,4428
logger,6.0,5.833333333333333,1.0,1.1666666666666667,0.0,14.944444444444445,827
logisim-evolution,4.0,5.961154855643045,2.0,2.4288713910761155,1.0,28.233070866141734,161654
logstash,4.0,5.4192037470726,1.0,1.6416861826697893,1.0,21.126463700234194,40167
lottie-android,5.0,6.897610921501706,1.0,1.286689419795222,0.0,33.41296928327645,17883
LSPatch,2.0,4.342465753424658,1.0,1.3493150684931507,0.0,23.876712328767123,7008
LSPosed,3.0,5.522248243559719,1.0,1.6463700234192038,0.0,48.114754098360656,22952
LSPosed_mod,3.0,5.574944071588367,1.0,1.6241610738255035,0.0,50.20134228187919,24128
Luban,1.0,2.9655172413793105,1.0,1.1724137931034482,1.0,10.862068965517242,1088
lucida,5.0,6.548507462686567,1.0,1.6119402985074627,1.0,23.51865671641791,23221
Luyten,1.0,2.3488372093023258,1.0,1.5426356589147288,0.0,15.449612403100776,6750
lwjgl3,6.0,6.761631419939577,2.0,2.376334340382679,91.0,970.6160120845922,1086656
MagicCamera,3.0,3.5426136363636362,1.0,1.4659090909090908,0.0,7.630681818181818,14543
MagicIndicator,4.0,5.0,1.0,1.3398058252427185,3.0,26.941747572815533,4533
mall-learning,3.0,4.971887550200803,1.0,1.104417670682731,0.0,229.51004016064257,14384
mall-swarm,3.0,3.787958115183246,1.0,1.2316753926701571,13.0,1106.2290575916231,101603
MallChat,5.0,6.236486486486487,1.0,1.2027027027027026,0.0,4.4391891891891895,9260
mall,3.0,3.9342105263157894,1.0,1.2394736842105263,13.0,1110.803947368421,100903
malmo,5.0,7.0503597122302155,2.0,2.143884892086331,1.0,12.848920863309353,19130
mapdb,2.0,3.2395437262357416,1.0,2.0228136882129277,0.0,81.84790874524715,20198
Mapper,4.0,5.056768558951965,1.0,1.24235807860262,0.0,36.1768558951965,19104
mapstruct,2.0,3.824989116238572,1.0,1.1689159773617763,0.0,10.468437091858947,96528
markor,4.0,6.90519877675841,1.0,1.5045871559633028,1.0,132.81957186544344,28782
MarqueeView,4.0,5.409090909090909,1.0,1.3636363636363635,0.0,5.454545454545454,804
Material-Animations,2.0,4.4,1.0,1.4666666666666666,0.0,4.7555555555555555,1010
material-calendarview,4.0,6.454545454545454,1.0,1.5340909090909092,0.0,69.01136363636364,3658
material-components-android,4.0,7.12621359223301,1.0,1.5378640776699029,1.0,91.92330097087378,114509
material-theme-jetbrains,3.0,4.330532212885154,2.0,2.2549019607843137,1.0,84.42296918767506,14517
material,3.0,6.511475409836065,1.0,1.6459016393442623,1.0,54.49508196721312,27346
MaterialDateTimePicker,5.0,6.589041095890411,1.0,1.4657534246575343,1.0,127.63013698630137,7536
MaterialDesignLibrary,3.0,4.536585365853658,1.0,1.8170731707317074,0.0,6.7560975609756095,2927
MaterialEditText,2.0,5.653846153846154,1.0,1.3076923076923077,0.0,742.8461538461538,3385
MaterialSearchView,2.0,4.048780487804878,1.0,1.3170731707317074,1.0,22.658536585365855,1361
MaterialViewPager,3.0,4.545454545454546,1.0,1.2954545454545454,0.0,9.386363636363637,1616
Matisse,5.0,6.657894736842105,1.0,1.394736842105263,0.0,8.078947368421053,3418
matrix,3.0,5.680545585068198,1.0,1.3431442928930366,0.0,12.894472361809045,79032
maven,3.0,5.559912256649301,1.0,1.5522347134631205,1.0,46.34713463120373,163479
maxwell,4.0,6.108974358974359,1.0,1.6217948717948718,0.0,32.13782051282051,17755
mcaselector,5.0,6.8474576271186445,1.0,2.4369114877589455,1.0,22.178907721280602,36373
megabasterd,1.0,2.7611940298507465,1.0,1.4875621890547264,0.0,85.72139303482587,20673
metersphere,3.0,6.677915766738661,1.0,1.2980561555075594,0.0,445.99163066954645,322032
metrics,4.0,5.482558139534884,1.0,1.3517441860465116,0.0,9.536337209302326,28505
miaosha,3.0,4.146853146853147,1.0,1.1258741258741258,0.0,14.3006993006993,8581
micrometer,4.0,5.738132498695879,1.0,1.2889932185706834,0.0,19.99374021909233,80327
micronaut-core,4.0,5.760945529290853,1.0,1.3229188078108942,0.0,36.353956834532376,174083
microservices-platform,5.0,6.356125356125356,1.0,1.2507122507122508,0.0,6.435897435897436,7665
midjourney-proxy,5.0,5.9,1.0,1.2444444444444445,0.0,5.811111111111111,2787
MifareClassicTool,9.0,11.090909090909092,3.0,2.272727272727273,3.0,106.03030303030303,6633
MinecraftForge,6.0,7.132695756126719,1.0,2.172145845786013,1.0,37.91213389121339,63191
mini-spring,2.0,3.4093959731543624,1.0,1.221476510067114,0.0,5.080536912751678,2472
mit-deep-learning-book-pdf,0.0,0.0,1.0,1.0,0.0,0.0,2
mlkit,5.0,7.670157068062827,1.0,1.5340314136125655,0.0,8.115183246073299,9937
mockito,2.0,3.4723809523809526,1.0,1.4004761904761904,0.0,18.329047619047618,52190
mockserver,5.0,7.27321911632101,1.0,1.6871055004508566,1.0,95.82236248872859,65134
moco,5.0,5.819757365684575,1.0,1.5389948006932408,1.0,34.65684575389948,17542
mosby,3.0,5.380664652567976,1.0,1.6117824773413898,0.0,9.637462235649547,17138
motan,4.0,5.951306413301663,1.0,1.4334916864608076,1.0,32.55463182897862,46718
MPAndroidChart,5.0,8.843137254901961,1.0,1.9803921568627452,1.0,91.0326797385621,21111
mpush,3.0,4.731155778894473,1.0,1.3442211055276383,1.0,24.565326633165828,15032
MusicBot,5.0,6.741935483870968,3.0,2.5053763440860215,1.0,10.591397849462366,4097
MVPArms,5.0,6.644295302013423,1.0,1.2818791946308725,3.0,32.100671140939596,5986
MVVMHabit,2.0,3.58307210031348,1.0,1.2727272727272727,0.0,15.764890282131661,9110
My-Blog,3.0,4.758620689655173,1.0,1.0517241379310345,5.0,29.551724137931036,2411
mybatis-3,2.0,3.5389908256880735,1.0,1.239678899082569,0.0,20.951834862385322,60434
mybatis-generator-gui,5.0,7.17948717948718,1.0,1.4871794871794872,3.0,69.94871794871794,3047
Mybatis-PageHelper,6.0,5.8121546961325965,1.0,1.441988950276243,0.0,29.640883977900554,7390
mybatis-plus,4.0,5.911708253358925,1.0,1.3320537428023032,0.0,25.030710172744723,39066
mybatis,2.0,3.734359961501444,1.0,1.304138594802695,0.0,21.467757459095285,39118
MyBookshelf,4.0,6.336322869955157,1.0,1.4693572496263079,1.0,58.66218236173393,48375
Mycat-Server,3.0,4.895429899302866,1.0,1.2943454686289697,0.0,78.48799380325329,92943
nacos,3.0,5.715816326530613,1.0,1.2846938775510204,0.0,22.882908163265306,180192
nanohttpd,3.0,4.340277777777778,1.0,1.7916666666666667,1.0,22.15972222222222,7106
NavigationTabBar,2.0,4.017241379310345,1.0,1.3103448275862069,0.5,57.5,2538
netty-socketio,3.0,4.964497041420119,1.0,1.2662721893491125,0.0,33.01775147928994,6233
netty,3.0,4.422535211267606,1.0,1.505012054307829,0.0,67.11508691790382,380459
newbee-mall,2.0,5.033707865168539,1.0,1.0674157303370786,4.0,34.91011235955056,3935
NewPipe,5.0,8.296928327645052,1.0,1.6450511945392492,1.0,43.22696245733788,41571
nifi,4.0,7.237727411322289,1.0,1.4991360910661653,1.0,55.91411728834231,624752
NineOldAndroids,2.0,4.2898550724637685,1.0,1.434782608695652,0.0,30.144927536231883,7585
NoHttp,3.0,4.456140350877193,1.0,1.5,1.0,45.64912280701754,8428
novel-plus,3.0,6.47921760391198,1.0,1.2102689486552567,1.0,46.62836185819071,15305
novel,2.0,4.415841584158416,1.0,1.0693069306930694,0.0,20.485148514851485,4544
NullAway,2.0,4.555944055944056,1.0,1.222027972027972,0.0,51.71328671328671,23361
NumberProgressBar,0.5,3.1666666666666665,1.0,1.3333333333333333,0.0,91.83333333333333,380
objectbox-java,4.0,5.127551020408164,1.0,1.7551020408163265,0.0,103.66071428571429,24395
oblivion,4.0,5.637931034482759,1.0,1.4827586206896552,0.5,11.620689655172415,2641
okdownload,4.0,6.443148688046647,1.0,1.2653061224489797,0.0,35.25947521865889,18986
okhttp-OkGo,5.0,5.650969529085873,1.0,1.6232686980609419,0.0,19.445983379501385,13418
okhttputils,2.5,3.7285714285714286,1.0,1.457142857142857,0.0,6.2,1961
onedev,4.0,5.833617747440273,1.0,1.4098000975134082,0.0,26.128839590443686,329357
open-location-code,3.0,4.955223880597015,1.0,1.1791044776119404,0.0,4.552238805970149,2295
openai-java,4.0,5.387878787878788,1.0,1.084848484848485,0.0,15.55151515151515,2783
openapi-generator,3.0,5.15514061779622,1.0,1.2431996311664362,0.0,83.26532964499769,256810
opengrok,3.0,5.351950354609929,1.0,1.6382978723404256,1.0,78.87765957446808,70623
OpenHub,4.0,6.7560975609756095,1.0,1.6326219512195121,1.0,32.92835365853659,24549
OpenPDF,4.0,5.935243553008596,1.0,1.859025787965616,1.0,91.47163323782235,154011
OpenRefine,5.0,6.670235546038544,1.0,1.6859386152748037,1.0,12.775160599571734,73059
OpenSearch,5.0,7.458486446184161,1.0,1.7338765510997496,1.0,38.48612664429888,1265855
opentsdb,4.0,7.139874739039666,1.0,1.2839248434237995,0.0,64.87578288100208,104636
orientdb,4.0,6.492151798132326,1.0,1.6203059805285118,1.0,310.214583747268,448859
oshi,4.0,5.519461077844311,1.0,1.589820359281437,1.0,31.74550898203593,36137
OsmAnd,5.0,8.731751824817518,1.0,1.6138022561380225,1.0,105.70255474452554,682594
otter,3.0,4.613425925925926,1.0,1.373456790123457,1.0,32.454475308641975,68163
otto,1.0,2.4352941176470586,1.0,1.388235294117647,0.0,3.552941176470588,1987
paascloud-master,4.0,6.10377358490566,1.0,1.3153638814016173,0.0,5.4568733153638815,16428
packer-ng-plugin,2.0,2.806451612903226,1.0,1.3870967741935485,1.0,18.64516129032258,1776
PageIndicatorView,4.0,5.513888888888889,1.0,1.5,1.0,22.805555555555557,3532
Paper,5.0,6.896758703481392,1.0,1.6857142857142857,1.0,111.82184873949579,160600
pdfsam,5.0,6.962382445141066,1.0,1.40282131661442,0.0,4.830721003134796,19305
PeerBanHelper,4.0,6.717693836978131,1.0,1.337972166998012,0.0,15.526838966202783,21614
pentaho-kettle,2.0,6.003848219080007,1.0,1.2768032933595848,0.0,82.59244675138714,780505
PermissionsDispatcher,0.0,1.6218487394957983,1.0,1.226890756302521,3.0,34.378151260504204,3184
Phoenix,2.5,4.333333333333333,1.0,1.6666666666666667,0.0,7.541666666666667,976
PhotoView,3.0,4.733333333333333,1.0,1.3555555555555556,0.0,24.6,1792
physical-web,3.0,4.788461538461538,1.0,1.2884615384615385,0.0,26.71153846153846,7481
picocli,2.0,3.0037414965986393,1.0,1.1115646258503402,0.0,58.91360544217687,96033
PictureSelector,2.0,5.156037991858887,1.0,1.237449118046133,0.0,49.44911804613297,39103
pig,5.0,6.910526315789474,1.0,1.3105263157894738,0.0,5.326315789473684,7543
piggymetrics,5.0,6.040404040404041,1.0,1.0606060606060606,0.0,3.8282828282828283,1881
pinot,5.0,7.311016346837242,1.0,1.4695095948827293,1.0,52.428002842928215,555132
pinpoint,4.0,5.189419041307709,1.0,1.1426993593991606,0.0,11.309918268168765,285005
pixel-dungeon,4.0,5.723480333730632,2.0,2.5446960667461265,1.0,12.423122765196663,38623
Pixiv-Shaft,3.0,4.806171648987464,1.0,1.4474445515911283,0.0,24.991321118611378,36338
pkl,4.0,6.298397040690506,4.0,4.388409371146732,0.0,28.37607891491985,61367
plantuml,5.0,7.15406162464986,1.0,1.542908072319837,1.0,36.8882098293863,186938
Play-with-Algorithms,2.0,2.8947368421052633,1.0,1.0075187969924813,0.0,5.203007518796992,5287
pmd,4.0,5.727362204724409,2.0,2.0597933070866143,1.0,43.55905511811024,146019
PocketHub,5.0,6.5754716981132075,1.0,1.4811320754716981,0.0,9.04245283018868,6980
poi-tl,4.0,6.493333333333333,1.0,1.2057142857142857,0.0,89.65523809523809,22796
PojavLauncher,3.0,6.233830845771144,1.0,1.4104477611940298,1.0,124.73134328358209,27149
PowerJob,4.0,5.7456953642384105,1.0,1.1841059602649007,0.0,5.137748344370861,24684
powermock,2.0,3.4397163120567376,1.0,1.2427107959022852,0.0,22.71315996847912,32976
processing,2.0,3.732104121475054,1.0,1.6420824295010845,0.0,507.76138828633407,110008
proxyee-down,4.0,5.516666666666667,1.0,1.4666666666666666,2.0,19.516666666666666,3392
pulsar,4.0,6.876929325751422,1.0,1.7067424857839155,0.0,85.21554291903601,519058
QAuxiliary,5.0,7.666023166023166,1.0,1.3262548262548262,1.0,42.30888030888031,41528
QLExpress,3.0,5.854938271604938,1.0,1.404320987654321,1.0,39.29012345679013,12052
QMUI_Android,3.0,5.468105065666041,1.0,1.629455909943715,0.0,35.34240150093809,58309
QR-Code-generator,3.0,3.9473684210526314,1.0,1.4210526315789473,1.0,19.57894736842105,1823
quartz,3.0,5.575697211155378,1.0,1.4422310756972112,1.0,119.36653386454184,34643
quasar,2.0,3.386212008895478,1.0,1.497405485544848,0.0,35.99703484062268,52770
querydsl,3.0,5.203279702970297,1.0,1.9866955445544554,0.0,42.900680693069305,98636
rabbitmq-tutorials,4.0,4.588235294117647,1.0,1.0,1.0,2.2941176470588234,1480
react-native-config,4.0,4.565217391304348,1.0,1.391304347826087,1.0,1.9565217391304348,428
react-native-image-picker,4.0,6.181818181818182,2.0,1.5454545454545454,1.0,66.18181818181819,811
react-native-linear-gradient,4.0,5.157894736842105,1.0,1.631578947368421,1.0,10.68421052631579,488
react-native-push-notification,4.0,6.310344827586207,1.0,1.2413793103448276,0.0,15.482758620689655,1884
react-native-share,3.0,5.585365853658536,2.0,2.073170731707317,8.0,8.609756097560975,1792
react-native-splash-screen,2.5,3.4166666666666665,1.0,1.25,0.5,2.0,246
react-native-svg,5.0,6.552995391705069,1.0,2.6497695852534564,1.0,88.09677419354838,13025
react-native-webrtc,4.0,6.119402985074627,1.0,1.1492537313432836,0.0,8.716417910447761,4086
reactive-streams-jvm,3.0,3.122004357298475,1.0,1.2766884531590414,0.0,20.335511982570807,15738
reactor-core,6.0,7.0730512249443205,1.0,1.6824053452115812,1.0,121.55367483296214,202370
realm-java,2.0,4.293410041841004,1.0,1.2128661087866108,0.0,51.74843096234309,110167
rebound,2.0,4.379310344827586,1.0,1.3218390804597702,0.0,34.93103448275862,4095
Recaf,6.0,8.474166121648135,1.0,1.6017004578155658,1.0,26.892086330935253,71706
redisson,3.0,5.962416578854935,1.0,1.3414120126448894,0.0,179.60730593607306,168377
reflections,1.0,2.771573604060914,1.0,1.1522842639593909,0.0,13.65989847715736,4782
rejoiner,5.0,6.6183206106870225,1.0,1.5725190839694656,0.0,4.923664122137405,3566
remusic,3.0,5.18698224852071,1.0,1.4532544378698224,0.0,41.646153846153844,47786
RePlugin,3.0,5.197368421052632,1.0,1.4166666666666667,0.0,32.01973684210526,30275
resilience4j,6.0,6.9974905897114175,1.0,1.466750313676286,1.0,18.971141781681304,61840
rest-assured,4.0,5.2414772727272725,1.0,1.1988636363636365,0.0,106.02414772727273,28601
revanced-patches,3.0,5.255369928400954,1.0,1.3412887828162292,0.0,18.219570405727925,19261
ribbon,2.0,4.385915492957746,1.0,1.2661971830985916,0.0,13.377464788732395,21788
richeditor-android,2.0,2.4186046511627906,1.0,1.1395348837209303,0.0,46.95348837209303,804
RichText,2.0,4.2727272727272725,1.0,1.446969696969697,0.0,10.545454545454545,5185
ripme,4.0,5.00625,2.0,2.540625,4.0,28.16875,19889
RippleEffect,2.0,3.4210526315789473,1.0,1.368421052631579,0.0,23.157894736842106,504
RoaringBitmap,5.0,5.586206896551724,1.0,1.1394984326018809,0.0,259.59404388714734,78416
roboguice,3.0,4.499550224887556,1.0,1.2227886056971515,0.0,7.127736131934033,74026
robolectric,4.0,5.929828973843058,1.0,1.3667002012072436,0.0,72.49094567404427,223778
Robust,2.0,3.5238095238095237,1.0,1.2619047619047619,3.5,17.357142857142858,2953
rocketmq-externals,4.0,5.749090909090909,1.0,1.250909090909091,0.0,16.45090909090909,11795
rocketmq,3.0,6.859199438202247,1.0,1.3328651685393258,1.0,120.86762640449439,213873
roncoo-pay,3.0,5.2055837563451774,1.0,1.281725888324873,3.0,62.93654822335025,19910
RoundedImageView,9.0,8.4,2.0,1.8,0.0,107.46666666666667,1265
rstudio,2.0,4.895210864903502,1.0,1.2771979985704074,0.0,351.60500357398143,227707
runelite,1.0,3.614127569847127,1.0,1.2216657880864523,0.0,25.832894043226148,476544
ruoyi-ai,4.0,6.375455650060753,1.0,1.2831105710814095,0.0,13.326852976913731,26041
ruoyi-vue-pro,6.0,7.896211312700107,1.0,1.224119530416222,0.0,16.288153681963713,93443
RxAndroid,1.0,2.272727272727273,1.0,1.1272727272727272,0.0,3.090909090909091,1452
RxJava-Android-Samples,3.0,6.627906976744186,1.0,1.8255813953488371,3.0,9.19767441860465,2633
RxJava2-Android-Samples,2.0,3.6648648648648647,1.0,1.2540540540540541,0.0,6.286486486486487,3992
RxJava,1.0,2.5245639167439116,1.0,1.3186989129518834,0.0,47.46262745428499,370515
RxJavaSamples,3.0,4.547169811320755,1.0,1.3962264150943395,0.0,1.6037735849056605,1001
RxLifecycle,6.0,6.432098765432099,1.0,1.654320987654321,0.0,1.4074074074074074,2368
RxPermissions,2.0,4.65,1.0,1.1,0.0,10.1,876
Sa-Token,3.0,4.512032085561497,1.0,1.2232620320855614,1.0,61.14572192513369,26943
screw,3.0,4.985294117647059,1.0,1.3529411764705883,0.0,5.242647058823529,3941
scribejava,3.0,4.208502024291498,1.0,1.4008097165991902,1.0,10.935222672064777,12671
seatunnel,5.0,6.796366708914237,1.0,1.3688212927756653,0.0,31.189057879171948,260662
selenium,4.0,5.955591225254147,1.0,1.3820224719101124,1.0,32.72605671482076,88467
sensitive-word,2.0,3.04,1.0,1.1733333333333333,0.0,20.79111111111111,4145
Sentinel,3.0,4.418758256274769,1.0,1.1803170409511228,0.0,12.49009247027741,55432
serve,3.0,5.800796812749004,1.0,1.4661354581673307,3.0,63.91633466135458,18747
Shadow,3.0,4.244807121661721,1.0,1.78486646884273,0.0,17.33234421364985,21905
ShadowLayout,2.0,4.0,1.0,1.1384615384615384,0.0,21.615384615384617,3437
shardingsphere-elasticjob,4.0,5.4,1.0,1.1546218487394957,0.0,3.2033613445378153,15469
shardingsphere,4.0,6.974496301963785,1.0,1.439683754144351,0.0,28.2796480489671,201221
shattered-pixel-dungeon,4.0,6.342419716206124,2.0,2.849514563106796,1.0,13.903286034353995,158019
ShedLock,5.0,5.918158567774936,2.0,2.1892583120204603,0.0,7.319693094629156,11325
shimmer-android,9.0,8.571428571428571,2.0,1.8571428571428572,10.0,18.0,885
ShineButton,2.0,4.833333333333333,1.0,1.625,0.0,23.625,988
shiro,3.0,5.0244140625,1.0,1.7861328125,1.0,19.7197265625,36724
shopizer,4.0,7.9367396593673964,1.0,1.6828872668288726,2.0,34.145174371451745,53489
shopping-management-system,3.0,3.515463917525773,1.0,1.3608247422680413,3.0,76.3298969072165,5353
ShortcutBadger,5.0,5.290322580645161,1.0,1.1612903225806452,1.0,3.4838709677419355,885
ShowcaseView,5.0,5.384615384615385,1.0,1.4,0.0,17.815384615384616,2086
Side-Menu.Android,2.0,3.888888888888889,1.0,1.2222222222222223,0.0,4.111111111111111,449
signal-cli,4.0,6.959266802443992,1.0,1.5763747454175152,0.0,47.74949083503055,26775
Signal-Server,5.0,9.121259842519684,1.0,1.4803149606299213,0.0,13.689763779527558,59746
SimianArmy,4.0,5.845901639344262,1.0,1.4229508196721312,3.0,25.160655737704918,16056
simplify,8.0,8.987138263665594,1.0,1.3729903536977492,0.0,20.742765273311896,21150
SimplifyReader,2.0,4.556962025316456,1.0,1.3876582278481013,0.0,60.29430379746835,34709
Skeleton,3.0,3.727272727272727,1.0,1.2424242424242424,0.0,4.606060606060606,752
skywalking,4.0,6.117872044506258,1.0,1.3995132127955494,0.0,5.493741307371349,93380
SlidingMenu,3.0,5.121621621621622,1.0,1.9594594594594594,0.0,47.445945945945944,3085
smali,4.0,6.018229166666667,1.0,1.6666666666666667,1.0,15.016493055555555,46762
small-spring,2.0,3.472,1.0,1.2506666666666666,0.0,12.704,10379
Small,2.0,3.8054054054054056,1.0,1.4756756756756757,0.0,20.167567567567566,7726
SmartCropper,3.0,6.25,1.0,1.3333333333333333,0.0,122.5,1021
SmarterStreaming,2.0,3.8488372093023258,1.0,1.052325581395349,0.0,71.55232558139535,10750
SmartRefreshLayout,3.0,6.651026392961877,1.0,1.5073313782991202,0.0,30.319648093841643,18146
SmartTabLayout,4.0,6.355555555555555,1.0,1.6444444444444444,1.0,9.71111111111111,1912
smartTable,2.0,5.126373626373627,1.0,1.1895604395604396,0.0,25.928571428571427,14165
SmartTube,4.0,6.670846394984326,1.0,1.5573667711598747,1.0,66.05297805642633,237090
smile,5.0,5.5209895052473765,1.0,1.3605697151424287,1.0,103.71214392803599,100928
SmoothProgressBar,3.0,4.854166666666667,1.0,1.2291666666666667,0.0,26.3125,2208
so-novel,5.0,6.012345679012346,1.0,1.1728395061728396,0.0,2.6419753086419755,2864
socket.io-client-java,1.0,1.9213973799126638,1.0,1.0960698689956332,0.0,4.253275109170306,5639
sodium,4.0,6.12781954887218,1.0,1.4390977443609023,1.0,13.593984962406015,26206
sofa-boot,3.0,5.153259949195597,1.0,1.1981371718882303,0.0,17.818797629127857,32830
sofa-jraft,3.0,6.228094575799722,1.0,1.4638386648122392,1.0,76.5048678720445,137595
sofa-rpc,3.0,5.216110019646365,1.0,1.3222003929273085,0.0,24.50556647020301,72302
SoloPi,2.0,4.623076923076923,1.0,1.205982905982906,0.0,13.135897435897435,56327
sonarqube,5.0,7.195891841708251,1.0,1.1754670999187653,0.0,26.59080886619473,412302
source-code-hunter,0.0,0.0,1.0,1.0,0.0,0.0,5
spark,3.0,4.542986425339366,1.0,1.2986425339366516,0.0,47.11764705882353,9588
spider-flow,4.0,5.385093167701863,1.0,1.7329192546583851,1.0,20.32919254658385,8748
spinnaker,5.0,6.591483617621794,1.0,1.5696404466805742,0.0,14.314148975334398,235151
spotbugs,2.0,4.089928057553957,1.0,1.3676637637258615,0.0,25.707875804619462,217489
spotless,4.0,4.986651835372636,1.0,1.74972191323693,1.0,13.7853170189099,36551
spring-ai-alibaba,4.0,6.135823429541596,1.0,1.1572156196943972,0.0,22.13446519524618,148032
spring-analysis,2.0,2.4242424242424243,1.0,1.2424242424242424,0.0,1.7878787878787878,378
spring-authorization-server,7.0,10.251840942562593,1.0,1.3946980854197348,0.0,16.69219440353461,37194
spring-boot-admin,6.0,7.762931034482759,1.0,1.2564655172413792,0.0,7.213362068965517,13740
spring-boot-api-project-seed,4.0,5.0,1.0,1.2666666666666666,0.0,9.733333333333333,484
spring-boot-best-practice,4.0,4.744318181818182,1.0,1.0909090909090908,0.0,3.1193181818181817,1968
spring-boot-demo,4.0,5.051867219917012,1.0,1.1307053941908713,0.0,2.3215767634854774,7163
spring-boot-examples,4.0,4.726384364820847,1.0,1.0260586319218241,0.0,5.03257328990228,4461
Spring-Boot-In-Action,3.0,3.8656716417910446,1.0,1.1194029850746268,0.0,6.007462686567164,2714
spring-boot-projects,3.0,4.327102803738318,1.0,1.074766355140187,1.0,9.074766355140186,2606
spring-boot-starter,4.0,4.52,1.0,1.2228571428571429,0.0,16.177142857142858,4431
spring-cloud-alibaba,5.0,5.810402684563758,1.0,1.110738255033557,0.0,29.61241610738255,18912
spring-cloud-examples,4.0,3.8333333333333335,1.0,1.0166666666666666,0.0,0.4666666666666667,390
spring-cloud-gateway,5.0,6.909688013136289,1.0,1.3719211822660098,0.0,16.40311986863711,40839
spring-cloud-netflix,6.0,7.208333333333333,1.0,1.2159090909090908,0.0,85.80681818181819,8510
Spring-Cloud-Platform,3.0,4.887005649717514,1.0,1.4067796610169492,0.0,57.64971751412429,6014
spring-data-examples,2.0,2.6175316837658418,1.0,1.0085998792999396,0.0,0.46137598068799035,50985
spring-framework,3.0,5.230882674240769,1.0,1.4764583788507757,0.0,29.554784793532882,751320
spring-mvc-showcase,5.0,5.172413793103448,1.0,1.206896551724138,0.0,9.448275862068966,1281
spring-reading,3.0,2.8137931034482757,1.0,1.0275862068965518,0.0,0.5413793103448276,3078
spring-security-oauth,4.0,6.064064064064064,1.0,1.6026026026026026,0.0,13.3993993993994,35204
spring-security,5.0,7.209237343852728,1.0,1.2411242603550297,0.0,10.172090729783038,235223
SpringAll,4.0,5.243386243386244,1.0,1.1111111111111112,0.0,3.748677248677249,6035
springboot-guide,3.0,4.115107913669065,1.0,1.1798561151079137,0.0,1.3525179856115108,1522
SpringBoot-Labs,4.0,4.298017771701982,1.0,1.053315105946685,0.0,1.443609022556391,17714
springboot-learning-example,3.5,4.614035087719298,1.0,1.043859649122807,0.0,2.8508771929824563,1641
SpringBoot-Learning,4.0,4.4535315985130115,1.0,1.0260223048327137,0.0,1.453531598513011,2790
SpringBoot-Shiro-Vue,6.0,5.777777777777778,1.0,1.4074074074074074,0.0,9.444444444444445,633
springBoot,4.0,5.087121212121212,1.0,1.1477272727272727,0.0,15.496212121212121,6250
SpringBootVulExploit,3.0,3.4285714285714284,1.0,1.0,0.0,3.5714285714285716,258
SpringCloud-Learning,3.0,4.884444444444444,1.0,1.0222222222222221,0.0,85.87555555555555,5631
SpringCloudLearning,4.0,4.5524475524475525,1.0,1.048951048951049,0.0,0.5454545454545454,1123
springfox,3.0,5.702464788732394,1.0,1.1205985915492958,0.0,23.252640845070424,32115
springside4,2.0,3.165079365079365,1.0,1.276190476190476,1.0,24.784126984126985,12842
spruce-android,3.0,4.860655737704918,1.0,1.3688524590163935,0.0,5.352459016393443,4269
sqlbrite,2.0,4.69811320754717,1.0,1.3584905660377358,0.0,4.30188679245283,3329
ssm,2.0,4.157894736842105,1.0,1.6842105263157894,1.0,2.0526315789473686,369
starrocks,4.0,7.334257088040929,1.0,1.4717544233638884,0.0,136.27829887017694,727850
StatusBarUtil,3.0,4.151515151515151,1.0,1.5454545454545454,0.0,22.545454545454547,1036
stetho,3.0,4.379251700680272,1.0,1.4234693877551021,0.0,7.496598639455782,19241
sticky-headers-recyclerview,2.0,4.620689655172414,1.0,1.2758620689655173,0.0,3.2413793103448274,808
StickyListHeaders,3.0,4.813953488372093,1.0,1.3953488372093024,0.0,3.9767441860465116,2112
Stirling-PDF,5.0,8.179487179487179,1.0,1.2324786324786325,0.0,16.499145299145297,35339
storm,3.0,5.322014585232452,1.0,1.2167274384685507,1.0,48.81882406563355,359158
streampark,5.0,7.467023172905526,1.0,1.2816399286987523,0.0,18.96969696969697,23717
strimzi-kafka-operator,8.0,11.26949860724234,1.0,1.4958217270194987,1.0,45.74442896935933,119632
StylishMusicPlayer,3.0,5.025773195876289,1.0,1.309278350515464,0.0,13.216494845360824,5777
subsampling-scale-image-view,3.5,5.625,1.0,1.5833333333333333,0.0,79.72222222222223,4262
supersonic,4.0,6.28169014084507,1.0,1.2904929577464788,0.0,46.083626760563384,46371
SuperTextView,2.0,3.046511627906977,1.0,1.1627906976744187,0.0,141.67441860465115,4002
supertokens-core,10.0,10.998973305954825,1.0,1.5965092402464065,3.0,71.14373716632444,107469
SurveyKing,3.0,5.175,1.0,1.23,0.0,7.825,9237
Suwayomi-Server,2.0,5.553921568627451,1.0,1.625,1.0,1509.5196078431372,41001
swagger-core,3.0,4.834924965893588,1.0,1.2271487039563438,0.0,49.701227830832195,42155
sweet-alert-dialog,1.5,4.375,1.0,1.25,0.0,31.0625,943
SwipeBackLayout,3.0,5.222222222222222,1.0,1.3888888888888888,3.0,61.333333333333336,1635
SwipeDelMenuLayout,2.0,3.1,1.0,1.25,0.0,5.2,1085
SwipeRecyclerView,3.0,4.847272727272728,1.0,1.3890909090909092,0.0,26.94181818181818,11090
SwitchButton,2.0,4.37037037037037,1.0,1.4074074074074074,0.0,82.48148148148148,1543
syncthing-android,2.5,6.514084507042254,1.0,1.6901408450704225,0.0,9.049295774647888,8424
SystemBarTint,7.0,8.0,2.0,1.7777777777777777,1.0,22.555555555555557,807
tablesaw,4.0,6.270588235294118,1.0,1.284967320261438,1.0,108.52941176470588,48467
TakePhoto,2.0,5.054545454545455,1.0,1.2545454545454546,1.0,10.89090909090909,2403
Tangram-Android,3.0,5.2595818815331015,1.0,1.6777003484320558,0.0,23.21080139372822,24338
TapTargetView,2.0,4.512820512820513,1.0,1.1538461538461537,0.0,49.8974358974359,1965
tcc-transaction,3.0,5.246628131021194,1.0,1.3082851637764932,1.0,29.736030828516377,23664
tech-interview-for-developer,1.0,1.3076923076923077,1.0,1.0,0.0,0.9230769230769231,636
tech-weekly,2.0,2.888888888888889,1.0,1.0246913580246915,0.0,2.123456790123457,1391
Telegram-X,4.0,9.469324090121317,1.0,1.4228769497400346,1.0,544.4280762564991,420517
TelegramBots,11.0,10.32977303070761,1.0,2.196261682242991,0.0,10.268357810413885,20781
Telegram,4.0,6.837181498916536,1.0,1.6592692221475005,0.0,65.09437345886573,1606325
Terasology,4.0,6.098576512455516,1.0,1.4451957295373665,0.0,25.027046263345195,111591
termux-app,4.0,5.912772585669782,1.0,1.4299065420560748,0.0,60.82554517133956,24562
testcontainers-java,5.0,5.4225195094760315,1.0,1.4938684503901896,1.0,21.900780379041247,31013
testing-samples,5.5,5.5,1.0,1.3488372093023255,0.0,3.1511627906976742,1849
thumbnailator,2.0,4.062780269058296,1.0,1.2376681614349776,0.0,93.55156950672645,19559
ticker,4.0,4.612903225806452,1.0,1.3225806451612903,0.0,27.612903225806452,1581
Timber,3.0,5.399558498896247,1.0,1.4613686534216335,0.0,19.748344370860927,21859
Timeline-View,9.0,9.0,1.5,1.5,453.5,453.5,418
tink,5.0,7.6662116040955635,1.0,1.2887372013651877,1.0,30.075767918088737,82161
tinker,3.0,4.803088803088803,1.0,1.606177606177606,0.0,28.47104247104247,40182
tiny-spring,2.0,3.0849056603773586,1.0,1.150943396226415,0.0,2.3679245283018866,1543
TinyPinyin,1.0,2.0615384615384613,1.0,1.0923076923076922,0.0,8.753846153846155,1401
titan,3.0,5.864491844416562,1.0,1.3695106649937265,1.0,20.50564617314931,71163
Toasty,3.0,4.0625,1.0,1.0625,0.0,56.625,487
tomcat,3.0,4.518256013745704,1.0,1.811426116838488,0.0,179.9458762886598,355163
traccar,4.0,5.571270105379923,2.0,1.9229062673322241,0.0,5.927343316694398,67579
Transitions-Everywhere,5.0,6.870466321243524,1.0,1.6787564766839378,0.0,25.72020725388601,9485
transmittable-thread-local,5.0,5.587096774193548,1.0,1.4322580645161291,1.0,12.35483870967742,6932
tsunami-security-scanner,5.0,6.260416666666667,1.0,1.5416666666666667,0.5,14.753472222222221,8564
tutorials,3.0,4.116682089677799,1.0,1.1118448725498444,0.0,6.001261882729032,526245
TV,4.0,6.555038759689922,1.0,1.4031007751937985,1.0,102.07286821705426,30424
TwinklingRefreshLayout,2.0,4.28476821192053,1.0,1.3708609271523178,0.0,36.271523178807946,6273
twoway-view,4.0,6.078431372549019,1.0,1.8235294117647058,1.0,86.58823529411765,3688
tx-lcn,4.0,4.954954954954955,1.0,1.2117117117117118,0.0,6.337837837837838,7772
u2020,4.0,6.2164179104477615,1.0,1.4253731343283582,0.5,23.619402985074625,4806
uCrop,3.0,6.337662337662338,1.0,1.3636363636363635,1.0,28.90909090909091,4707
uid-generator,1.0,2.88,1.0,1.28,1.0,11.72,873
UltimateAndroidReference,1.0,1.0,1.0,1.0,0.0,0.0,22
UltimateRecyclerView,3.0,5.214659685863874,1.0,1.693717277486911,0.0,41.39267015706806,16083
UltraViewPager,2.0,5.208333333333333,1.0,1.375,0.0,58.375,1518
undertow,3.0,5.204648160103292,1.0,1.2395093608779857,0.0,36.652356358941255,161850
unidbg,4.0,5.250580046403712,1.0,1.6061484918793503,0.0,26.523201856148493,90418
usb-serial-for-android,4.0,6.196969696969697,1.0,1.3181818181818181,1.0,38.96969696969697,8172
useful-java-links,2.0,2.3041825095057034,1.0,1.0228136882129277,0.0,1.832699619771863,5967
VasSonic,2.0,4.198198198198198,1.0,1.2792792792792793,0.0,21.61261261261261,7421
vavr,5.0,8.206303724928366,1.0,1.2535816618911175,1.0,1070.4570200573066,67695
VBlog,4.0,4.551724137931035,1.0,1.0344827586206897,1.0,29.06896551724138,781
vespa,4.0,6.040436681222707,1.0,1.617117903930131,1.0,37.866288209606985,596992
vhr,2.0,4.4361702127659575,1.0,1.0212765957446808,6.0,48.329787234042556,2971
ViewPagerCards,6.0,5.333333333333333,2.0,1.5555555555555556,0.0,2.2222222222222223,240
ViewPagerIndicator,6.0,6.015151515151516,3.0,2.712121212121212,0.0,29.272727272727273,2947
views-widgets-samples,2.0,4.019736842105263,1.0,1.730263157894737,0.0,7.0131578947368425,7344
VirtualAPK,3.0,4.895705521472393,1.0,1.6134969325153374,1.0,17.57668711656442,7981
VirtualApp,2.0,3.9408450704225353,2.0,2.5880281690140845,0.0,15.611267605633802,46624
VirtualXposed,2.0,3.947006194081211,2.0,2.792842395044735,0.0,14.695801789401239,47736
VitamioBundle,3.0,4.9504950495049505,1.0,1.316831683168317,0.0,75.06930693069307,6501
vjtools,2.0,3.134564643799472,1.0,1.2770448548812665,1.0,26.30079155672823,18382
vlayout,3.0,5.314465408805032,1.0,1.8553459119496856,0.0,72.54088050314465,14042
walle,2.0,3.148936170212766,1.0,1.1914893617021276,0.5,8.691489361702128,4633
web3j,2.0,4.274167987321712,1.0,1.7369255150554674,0.0,35.25752773375594,43073
webmagic,4.0,4.531976744186046,1.0,1.183139534883721,1.0,11.465116279069768,8794
wechat,3.0,5.234645669291338,1.0,1.2503937007874015,0.0,15.453543307086614,34426
WeChatLuckyMoney,3.0,5.380952380952381,1.0,1.380952380952381,1.0,8.80952380952381,931
WePush,2.5,6.829710144927536,1.0,1.5797101449275361,1.0,25.14855072463768,22791
wgcloud,3.0,6.0423728813559325,1.0,1.194915254237288,9.5,34.54237288135593,6105
wiremock,4.0,5.751347190146267,1.0,1.3702848344880678,1.0,74.05157813702849,52641
wvp-GB28181-pro,5.0,8.380627557980901,1.0,1.3015006821282402,0.0,36.27694406548431,46690
WxJava,4.0,5.503342508847817,1.0,1.2133307117577665,0.0,20.32461659457334,112936
xboot,6.0,7.415472779369628,1.0,1.2120343839541547,0.0,2.656160458452722,10265
XChange,4.0,5.954158215010142,1.0,1.5054766734279919,0.0,25.167951318458417,148969
XCL-Charts,3.0,7.740061162079511,1.0,2.1773700305810397,4.0,49.042813455657495,23397
xmall,3.0,4.310126582278481,1.0,1.1613924050632911,13.0,632.8291139240506,45293
xManager,2.0,2.017175572519084,1.0,1.0209923664122138,0.0,4.732824427480916,21822
xpay,5.0,6.428571428571429,1.0,1.0,1.0,93.42857142857143,1449
xpipe,5.0,6.955375253549696,1.0,1.5753887762001353,1.0,18.740365111561864,61377
XPopup,3.0,4.704918032786885,1.0,1.5770491803278688,0.0,22.901639344262296,12348
XposedInstaller,2.0,4.896551724137931,1.0,1.4187192118226601,0.0,8.517241379310345,8980
XRecyclerView,2.0,3.9096385542168677,1.0,1.4216867469879517,0.0,9.042168674698795,5151
XUI,3.0,5.733252866626433,1.0,1.6590223295111648,1.0,52.71031985515993,91066
xUtils3,3.0,5.224770642201835,1.0,1.408256880733945,2.0,27.44954128440367,12561
xxl-job,3.0,4.777777777777778,1.0,1.128654970760234,0.0,20.426900584795323,8854
XXPermissions,4.0,6.654639175257732,1.0,1.5463917525773196,1.0,86.4381443298969,8952
YCSB,3.0,7.0508474576271185,1.0,1.6355932203389831,0.0,7.851694915254237,22395
ysoserial,3.0,5.458333333333333,1.0,1.3416666666666666,1.0,8.891666666666667,3851
yudao-cloud,6.0,7.84704641350211,1.0,1.212289029535865,0.0,16.077267932489452,91701
zaproxy,3.0,4.738699444885012,1.0,1.9111816019032515,1.0,69.55670103092784,182754
zeppelin,3.0,5.740494296577947,1.0,1.25712927756654,1.0,43.10028517110266,190358
zfile,4.0,7.009661835748792,1.0,1.5048309178743962,0.0,9.454106280193237,12368
zheng,3.0,4.530451866404715,1.0,1.4086444007858545,0.0,340.8565815324165,41742
zookeeper,3.0,5.671420422133486,1.0,2.0051340559041644,0.0,36.861950941243585,122466
zuul,4.0,6.50499001996008,1.0,1.6127744510978044,1.0,24.890219560878243,21590
zxing-android-embedded,4.0,5.4375,1.0,1.3645833333333333,1.0,21.916666666666668,5169
zxing,4.0,4.984873949579832,2.0,1.66218487394958,1.0,22.968067226890756,40029
